Epitopes,TCRs
FLGIYTVTV,CASSWGGLYEQY
RLRPGGKKK,CASSTSTGLQETQYF
ARSVASQSIIAYTMSLGAENSVAYSNNSIAIPTNFTISVTTEI,CASSQGVGTEAFF
MGYINVFAFPFTIYSLLLCRMN,CASSSSYEQYF
FLPDLNVNA,CASSFQQALSTDTQYF
GSLSPELRPIF,CASSQVDVGTDTQYF
YLWPPVQLA,CASTGVSGLNTGELFF
KLLAGVEIV,CASRSTGSYEQYF
HSKKKCDEI,CASSNGTAPITEAFF
GVAMPNLYK,CSVQEGAWGVGELFF
KAAVDLSHF,CASRKGNTIYF
LLDEKGPEV,CASSQGGQGRYEQYF
QLMCQPILLL,CASSLAGVPTEAFF
DATYQRTRALVR,CASSFAITNYGYTF
CYTWNQMNL,CASSSGTGELFF
SLAPLSPRA,CAGGGPLHVSYNEQFF
NLNESLIDL,CASSLGGGDTQYF
LPRRSGAAGA,CASSPGTYEQYF
ALRANSAVK,CASSFLSTSPGELFF
ALLADKFPV,CASSREDRGYEQYF
EYILSLEEL,CASSHTGGDTGELFF
KAANIVLTV,CASSEVLPAEVNGEQFF
VYQYTFPDF,CASSWGHLDTQYF
MVIGIPVYV,CASSPQGIGTGYTF
ELAGIAILTV,CASSPWGTMLHEQYFG
GPEPLPQGQLTAY,CASSGSPQYF
HTQGYFPDW,CASSRAGGIDGYTF
HLRIAGHHLGR,CASSFGTAYEQYF
HPVGQADYFEY,CASSLADSGQETQYF
QLTSLGLNAV,CASSPGGGITGELFF
YLDELIKNT,CASSYPQDTQYF
YHSIEWAI,CASSTGNEQFF
RIRGGDGKMK,CASSHGTGEQYF
MLWGYLQYV,CSAEITGREQETGELFF
FLFTFFASI,CASSFPRQGEQFF
GDCEEEEFEPSTQYEY,CASSAGPRTEAFF
CFVECAPVC,CASSQEKRQVQETQIF
FLIYLDVSV,CASSLVLAGLEQFF
YQKVGMQKY,CASSLWGTRGKAREGYEKLFF
LAITPEIAPYF,CASSQYVYTGELFFB
YLEPGAVTA,ASSQVPAGGGRDNEQF
YLQQNWWTL,CASSVVGYTEAFF
LLSIIFFPA,CASSLLVGQPQHF
VLLGVKLFGV,CASSPPRGVNTEAFF
SAYGEPRKL,CASSQEGRVETQYF
LLSAGIFGA,CASTPTNPYEQYF
KLQCVDLHV,CASSLASGGAAGYTF
RTQSPRRR,CAISETGDTEAFF
ALSYTPVEV,CASSHTGTSGRSPLHF
YRINWITGGIAIAMACLVGLMWLSYFIASFRLFARTRSMWS,CSVEKGSYNEQFF
SQLLNAKYL,CATSRQGGFDEQFF
SLAPLSPRV,CASSPQGAEQFF
EIQEFCPNT,CASSLNTSERLFF
SYFIASFRLFA,CASSGDLRTGELFF
FLMASISSS,CASSPTGTEAFF
KSCTPEVREYF,CSARTGEIQMF
RLGPYLEFL,CASSPNGAGVVGYTF
NNILIATCV,CASSPGTSAKNIQYF
GLGPGFSSY,CASSSPDSGELF
CTELKLSDY,CASSVDRAGGNEQYF
ELAGIGILSV,CSADREFAGEAFFG
GDAALALLLLDRLNQL,CASRPDRGQQETQYF
ILTGLNYEA,CASSTAGTGMAEAFF
ELAGIGIATV,TAWTGGDSGNTIY
MMPFSIVYI,CASSQEVFMGTENTGELFF
SELVIGAVIL,CASSQDRGGLEQYF
VVLSWAPPV,CASSKTGDEETQYF
VVYRGTTTY,CASISGETQYF
RLMKHYPGI,CSVGVGSIQYF
RPHERNGFTVL,CASSISGATEAFV
FMLLTQARI,CASSYWIGPGEQYF
SLVKPSFYV,CASSSGLASGYTF
GNYTVSCLPFTI,CASSPAHRQETQYF
VSFIEFVGW,CASSPTGLSGGTQYF
ELAGIGALTV,RASGGEGQETQY
IYSKHTPINL,CATSETGGHTEAFF
GTSGSPIINR,CASSYVAGVYEQYF
AARGPHGGAASGL,CAGTGNSPLHF
QIKVRVKMV,CASGMTGGVNSPLHF
SSNVANYQK,CASRLGQSDTQYF
WTAGAAAYYVGY,CASRAGGTGELFF
WICLLQFAY,CASNWTSSYNEQFF
TPINLVRDL,CSVDRKGANYGYTF
WLSLLVPFV,CASSLGHGNTIYF
APRGPAGGAASGL,CASSQEHSYEQYF
INFDFNTI,CASSPSTFYEQYF
VQPTESIVRFPNITNLCPF,CASSKYQSSTDTQYF
TSTLAEQMAW,CASSFGGTGYGYTF
AYILFTRFFYV,CASSLQGGLSEQYF
EVLPFFLFF,CASSEGTGLAGELFF
APRGPHGGAASGA,CASGTSGTDTQYF
CLLWSFQTSA,CSARESRPHEQYF
GTGPEAGLPY,CASSLAGLSYEQYF
TSTLTEQIAW,CASSLDRDRTDTQYF
YSEHPTFTSQY,ASSQDTPEAFFG
GMSRIGMEVTPSGTW,CASSEGQLTQYF
ALGIGIYSL,CASSLLRGEGF
ALTPVVVTL,CASSAIAGVADTQYF
GLSPNLNRFL,CASSSGGQNQPQHF
KFPRGQGVPI,CASRIQVGTDTQYF
KLSHQLVLL,CASSTPDRPYQGDTQYF
ELAAIGILTV,CASSPGTALYEQYF
KLANPLPYT,CASRGSGGPEQ
STDTGVEHVTFFIYNK,CASSQALSGTGELFF
EIYKRWII,CASSARTGYGYTF
TTSPISEHDY,CAWSQPLSAWETQYF
CPSQEPMSIYVY,CASSLTGTTASSYEQYF
ALEPGPVTA,CASSLTPYNEQFF
FVDGVPFVV,CASSLKVWFSSRANVLTF
VFITLCFTLK,CASSLSRSGGSEQYF
EELKKLLEQWNLVIGFLF,CASSLSQETQYF
LLAGTLAGV,CASSQEEGVQPQHF
RGYVYKGL,CSARTANNTGELF
TRSMWSFNPETNILLNVPLHGTILTRPLLESELVIGAVILR,CASQGYEQYF
RLNEVAKNL,CASSQEKGTYEQYF
SILDAVQRV,CASSAGSPNGYTF
VYALIAGATL,CASSFLDSGGFAF
LLFNILGGWV,CASSPGTGSYEQYF
NSLKPEIPDYF,CASSLALGEHQPQHF
KLSHQPVLL,CASSKYRGGPQDTQYF
VLLGVKLSGV,RGGSNYEQY
CMTSCCSCLK,CASNSPSIYGYTF
YVNELVVFV,CASSSLTAGSSYEQYF
FLRGRAFGL,CSVEGTTGDEQYF
YLLFMIGYA,CASSLLGAGANEQFF
RYPLTLGWCF,CASSLQFPSREQYF
TPRVTGGGAM,CASSLSKTGANVLTF
IVGVALLAVF,CASSFGTGHTEAFF
