EAAGIGILTV	3
YLEPGPVTA	4
SAYGEPRKL	5
AARAVFLAL	6
IVTDFSVIK	7
AVFDRKSDAK	8
GLCTLVAML	9
TPAAPAPA	10
RAKFKQLL	11
NLVPMVATV	12
LLGRNSFEV	13
EENLLDFVRF	14
KAFSPEVIPMF	15
RAFSPEVIPMF	16
RPRGEVRFL	17
ELAGIGILTV	18
HSKKKCDEL	19
ATDALMTGY	20
TPRVTGGGAM	21
FLRGRAYGL	22
TQGYFPDWQNY	23
EIYKRWII	24
FLKEKGGL	25
KRWIIMGLNK	26
ISPRTLNAW	27
QASQEVKNW	28
GLNKIVRMY	29
KRWIILGLNK	30
ELRRKMMYM	31
HPVGEADYFEY	32
IPSINVHHY	33
QIKVRVDMV	34
YSEHPTFTSQY	35
QYDPVAALF	36
YVLDHLIVV	37
RYPLTFGWCF	38
RYPLTFGW	39
GILGFVFTL	40
QIKVRVKMV	41
EPLPQGQLTAY	42
RPPIFIRRL	43
VLEETSVML	44
ALTPVVVTL	45
TPQDLNTML	46
FPRPWLHGL	47
IIKDYGKQM	48
LPPIVAKEI	49
HPKVSSEVHI	50
TPGPGVRYPL	51
YLAMPFATPMEAELARRSLA	52
FLYALALLL	53
CINGVCWTV	54
LLWNGPMAV	55
VLFGLGFAI	56
YLDELIRNT	57
KLMNIQQKL	58
VQYLGMFPV	59
MMPFSIVYIV	60
FMLYLLTLM	61
AMAGSLVFL	62
FSSEVLNLV	63
LLSIISFPA	64
SLLLLSVSV	65
YMPTTIIAA	66
KLVALGINAV	67
RLGPYLEFL	68
LIFNMFYWI	69
SLLLLPVSV	70
KLWASPLHV	71
KVAELVHFL	72
VVMSWAPPV	73
KLMNIQQQL	74
KIVALGINAV	75
MLNIPSINV	76
LLFGYPVYV	77
KLVALGINNV	78
SLPITVYYA	79
LLGATCMFV	80
IMDQVPFSV	81
LLSLFSLWL	82
GLYDGMEHL	83
RLLPLLALL	84
ALWGPDPAA	85
KLSEGDLLA	86
YMDGTMSQV	87
LLAGTLAGV	88
FRCPRRFCF	89
CRVLCCYVL	90
RPHERNGFTVL	91
SFHSLHLLF	92
SLFWNEPAI	93
RFPLTFGWCF	94
AVYDGREHTV	95
YLCLQNNFI	96
HIMPDTAEI	97
YFFWGLWAL	98
LASYFFWGL	99
NLQREEYTV	100
AMAVLYLAL	101
FQAQHIAMA	102
IAMAVLYLA	103
ILKEPVHGV	104
QVPLRPMTYK	105
NEGVKAAW	106
RLRPGGKKK	107
GPGMKARVL	108
SLYNTVATL	109
FLKEQGGL	110
FLKETGGL	111
FLKEMGGL	112
TLNAWVKVV	113
KINAWIKVV	114
LPEPLPQGQLTAY	115
GPEPLPQGQLTAY	116
LPEGLPQGQLTAY	117
LPEPLGQGQLTAY	118
LPEPLPQAQLTAY	119
LPEPLPQGGLTAY	120
LPEPLPQGQGTAY	121
LPEPLPQGQLGAY	122
LPEPLPQGQLTGY	123
GTSGSPIVNR	124
GTSGSPIIDK	125
GTSGSPIINR	126
SYIGSINNI	127
NAITNAKII	128
CVNGSCFTV	129
ARMILMTHF	130
GPGHKARVL	131
TAFTIPSI	132
FLGKIWPSHK	133
RLRPGGKKR	134
FPQGEAREL	135
RLRPGGRKR	136
GEIYKRWII	137
VAANIVLTV	138
FPTKDVAL	139
HGIRNASFI	140
SSPPMFRV	141
ASNENMETM	142
LSLRNPILV	143
SSYRRPVGI	144
SSLENFRAYV	145
TVYGFCLL	146
LLLGIGILV	147
INFDFNTI	148
SIYRYYGL	149
KVITFIDL	150
RGYVYQGL	151
LLFGYAVYV	152
LLFGYPRYV	153
LLFGYPVAV	154
SLLMWITQV	155
EQYKFYSV	156
VMAPRTLIL	157
LLFGKPVYV	158
SQYYYNSL	159
SLLMWITQC	160
LLFGPVYV	161
MLWGYLQYV	162
EEYLKAWTF	163
EEYLQAFTY	164
LGYGFVNYI	165
LLFGFPVYV	166
WIYVYRPMGCGGS	167
ALWGPDPAAA	168
RYPLTLGWCF	169
ALGIGILTV	170
ILAKFLHWL	171
HPVGDADYFEY	172
HPVGQADYFEY	173
SIINFEKL	174
CTPYDINQM	175
TTPESANL	176
KLSALGINAV	177
RALEYKNL	178
STPESANL	179
RGYVYKGL	180
RGYVYEGL	181
RGYVYDGL	182
IGYVYQGL	183
KGYVYQGL	184
SQLLNAKYL	185
CLGGLLTMV	186
EFFWDANDIY	187
RPHERNGFTV	188
NLSALGIFST	189
ELAAIGILTV	190
ELAGIGALTV	191
YLEPGPVTV	192
TLRGRAYGL	193
FLRGRAYVL	194
FLRGRAFGL	195
YLRGRAYGL	196
YLEPGAVTA	197
YLEPGPVAA	198
ALEPGPVTA	199
YLEAGPVTA	200
YLEPGPATA	201
KIFGSLAFL	202
RMFPNAPYL	203
GTSGSPIVDR	204
GTSGAPIVNR	205
GTSGSPIVAR	206
LLYGFVNYI	207
LLYGFVNYV	208
HPVAEADYFEY	209
AQWGPDPAAA	210
HSKRKCDEL	211
HSRKKCDEL	212
HSKKKCDEI	213
APQPAPENAY	214
NLVPMVASV	215
NLVPQVATV	216
NLVPVVATV	217
NLVPTVATV	218
NLVGMVATV	219
NLVAMVATV	220
ELAGIAILTV	221
ELAGIGIATV	222
ELAGIGILAV	223
ALAGIGILTV	224
TLLANVTAV	225
FLPFFSNVTWFHAI	226
VQPTESIVRFPNITNLCPF	227
YYRARAGEAANF	228
FVDGVPFVV	229
GYQPYRVVVLSF	230
LSPRWYFYYL	231
MIELSLIDFYLCFLAFLLFLVLIML	232
GNYTVSCLPFTI	233
MGYINVFAFPFTIYSL	234
IMLIIFWFSL	235
YIFFASFYY	236
GDAALALLLLDRLNQL	237
GLEAPFLYLYALVYFLQSINFVRIIMR	238
YEQYIKWPWYI	239
MVMCGGSLYV	240
QLMCQPILLL	241
TVLSFCAFAV	242
FLNGSCGSV	243
FLWLLWPVTLACFVLAAV	244
KLPDDFTGCV	245
HTTDPSFLGRY	246
YTMADLVYAL	247
YLDAYNMMI	248
GLGPGFSSY	249
TYLPSAWNFF	250
TYLPSAWNF	251
VYQYTFPDFL	252
YQYTFPDFLY	253
VYQYTFPDF	254
YQYTFPDF	255
ERYLKDQQL	256
DRFYKTLRA	257
YAWNRKRISNCVADYSVLYNSASFSTFKCYGVSPTKLNDLCFT	258
IVDTVSALV	259
SNEKQEILGTVSWNL	260
SEHDYQIGGYTEKW	261
VLPFNDGVYFASTEK	262
AYSNNSIAIPTNFTISV	263
FLYNLLTRV	264
CLNEYHLFL	265
AMFWSVPTV	266
IILVAVPHV	267
MLGEQLFPL	268
EYILSLEEL	269
KLVANNTRL	270
KLTPLCVTL	271
VTEHDTLLY	272
LPRRSGAAGA	273
CTELKLSDY	274
LYPEFIASI	275
LYPELIASI	276
MLIGIPVYV	277
MVIGIPVYV	278
CPSQEPMSIYVY	279
VLLGVKLFGV	280
TLWCSPIKV	281
APARLERRHSA	282
GQFLTPNSH	283
YHSIEWAI	284
HQNPVTGLLL	285
RVSTLRVSL	286
SYMIMEIEL	287
SWISDIRAGTAPLCRNHIKSSCSLI	288
RHDLPPYRVYL	289
GEEDGAGGHSL	290
RKTVRARSRTPSCRSRSHTPSRRRR	291
IDLLLQRGPQYSEHPTFTSQYRI	292
PPWQAGILARNLVPMVATVQGQN	293
YILEETSVM	294
ELKRKMIYM	295
CVETMCNEY	296
DEEDAIAAY	297
VSFIEFVGW	298
YPLHEQHGM	299
AVCPWTWLR	300
YLSNIIPAL	301
QLCDVMFYL	302
YLYDRLLRI	303
YLYDRLLRV	304
APRGPAGGAASGL	305
APRAPHGGAASGL	306
APRGPHGAAASGL	307
APRGPHGGAASAL	308
APRGAHGGAASGL	309
APRGPHGGAASGL	310
APRGPHGGAASGA	311
APAGPHGGAASGL	312
APRGPHGGAAAGL	313
AARGPHGGAASGL	314
APRGPHAGAASGL	315
YLCSGSSYF	316
YLCSGSSYFV	317
AAGIGILTV	318
LAMPFATPM	319
KLVVLGINAV	320
ALRGMGVNAV	321
QLSSLGLNAV	322
QLTSLGLNAV	323
KLKSLGLNAV	324
KLSGLGINAV	325
QLRSLGLNAV	326
QLRTLGLNAV	327
FEDLRVLSF	328
FEDLRLLSF	329
FEDLRVSSF	330
CTELKLNDY	331
FIDSYICQV	332
GLLHHAPSL	333
ITDQVPFSV	334
LLAGTLAVV	335
VLMGGVPGVE	336
SIIGRLLEV	337
SVASTITGV	338
AIMDKNIIL	339
LLFNILGGWV	340
WLSLLVPFV	341
AVGSYVYSV	342
AVGSHVYSV	343
ILTGLNYEA	344
ILTGLNYEV	345
SLAPLSPRV	346
SLAPLSPRA	347
LLFGMTPCL	348
LLFGMPPCL	349
ALYGSVPVL	350
SLLWMNPFV	351
VLLGVKLSGV	352
VVLSWAPPV	353
ALYGFVPVL	354
ALSPVIPLI	355
ALSPVIPHI	356
SVLENFTILL	357
FLTYLDVSV	358
FLIYLDVSV	359
LIIPCIHLI	360
ALIHHNTHL	361
ALIHHNTYL	362
RLLCALTSL	363
VVTGVLVYL	364
LLIDLTSFLL	365
TLSKPSPMPV	366
VMIIVSSLAV	367
MLYQHLLPL	368
FLWSVFMLI	369
LLFGLALIEV	370
QLIPCMDVV	371
NLAQTDLATV	372
FVGEFFTDV	373
GLSPNLNRFL	374
YLVALGINAV	375
YLVALGVNAV	376
SLVALGINAV	377
KLSHQPVLL	378
KLFEFLVHGV	379
KLFEFLVYGV	380
FLYNPLTRV	381
KLSHQLVLL	382
VLENFTIFLV	383
SVLENFTIFL	384
LIIPFIHLI	385
NLNRCSVPV	386
MLGERLFPL	387
KLNTITAVV	388
KLNTITPVV	389
VQYLGMLPV	390
NLNCCSVPV	391
TMAAISNTV	392
MMPFSIVYI	393
VMPFSIVYI	394
LVMPFSIVYI	395
LMMPFSIVYI	396
FITGISILL	397
FIMGISILL	398
RVIGMPPPV	399
RMAAISNTV	400
RLVPYLEFL	401
KLSREIMPV	402
LLAILPYYV	403
NLFNRYPAL	404
RLWEPLRVV	405
LVIGMPPPV	406
FLDEFMEAV	407
FIDQYYSSI	408
FMLYLVTLM	409
FLFMYLVTV	410
FLGIYTVTV	411
FLNVLFPLL	412
FLNVFFPLL	413
KMVAVFYTT	414
KMVAVFYNT	415
LLAMTVPNV	416
TAMDIFVTV	417
LMASISSFL	418
VLNPFIYTL	419
VLNPFIYML	420
FLGIYTVTVV	421
FLEIYTVTV	422
FLFTFFASI	423
SLLQGSPHV	424
SLLQGSPHL	425
RLHDLVLPL	426
LLSIIFFPA	427
LMFWASSSI	428
ILNAMITKI	429
MIISHLYLI	430
ALLETLSLLL	431
YLDELIKNT	432
YTSEILSPI	433
YVNELVVFV	434
ILNVDIFTL	435
ILNVDVFTL	436
FVYVFTTHL	437
FMLLTQARL	438
FMLLTQARI	439
VMPFSIVYIV	440
ALSYTPAEV	441
ALSYTPVEV	442
LMVLHSPSL	443
LLAMKVPNV	444
LLAIKVPNV	445
FLNDLLSVL	446
FLNDLLSVM	447
GLMAIAWFI	448
ILLDWAANI	449
ILLDWAANV	450
HIAKSPFEV	451
TAMDLFVTV	452
KLSELHTYI	453
YLNELVVFV	454
YVTAMDLFV	455
YVTAMDIFV	456
YVVTWIVGA	457
YVLTWIVGA	458
FSFPLDFLV	459
ILNAMIAKI	460
LLIASVTWL	461
KLSELHAYI	462
VLNYFKPYL	463
TMSFSHLFYL	464
TMSSSHLFYL	465
LIFNMLYWI	466
MLSILALVRV	467
LMVPHSPSL	468
YMLTLHTKL	469
GLTSFFIAI	470
FLSDHLYLV	471
WLWEPLRVV	472
YLLAIFSGL	473
FIYQYYSSI	474
KLLAGVEIV	475
LVFPLVMGV	476
TLFTMVGTV	477
FIFSYVVAV	478
SLDLTTSPV	479
VLFHRAFLV	480
LLAILTYYV	481
NLFNRYLAL	482
FLDEFMEGV	483
YLWPPVQLA	484
FIDCYLLAI	485
ILIVMFPFL	486
RLHDLVFPL	487
FLTVFSHFM	488
FLTVFSPFM	489
VLFAAFSSA	490
HQLGGVVEV	491
SILDAVQRV	492
FILDAVQRV	493
VLNYFEPYL	494
ILIVMVPFL	495
FMSAYSGVL	496
KLLAGDEIV	497
ILGGQVVHTV	498
KLAKPLPYT	499
FLMASISSS	500
LLFALYFSA	501
LLFALHFSA	502
RLMKHYPGI	503
RLIKHYPGI	504
GMGPLLATV	505
GMGPLLAMV	506
FMIGYASAL	507
FMIGYTSAL	508
YLLFMIGYT	509
YLLFMIGYA	510
KLPLDINPV	511
KLPLDIDPV	512
ILITQVLGL	513
LLFAAFSSA	514
QLLVSLWGL	515
HIVEISTPV	516
KLANPLPYT	517
YLQDSMATT	518
YLQDSLATT	519
ALLQVTLLL	520
FLASPSVPL	521
VLASPSVPL	522
YMFLASPSV	523
YMVLASPSV	524
YIFLGNLAL	525
MLLKHDVSL	526
LLLNMLIVL	527
FQLNQSFEI	528
LMLWASSSI	529
MIISHLSLI	530
SLLWMNLFV	531
YLQQNWWTL	532
FMYSDFHFI	533
YMLDLQPETT	534
YLLPRRGPRL	535
IMLEALERV	536
YLLPAIVHI	537
SLLMWITQA	538
VLENFTILLV	539
FLPDLNANA	540
FLPDLNVNA	541
FLIASVTWL	542
FLFMYLVMV	543
KLGASPLHV	544
MLMLAVIVA	545
SLDPTTSPV	546
LLDEKGPEV	547
ALVGAIPSI	548
AMAGSPVFL	549
MLLKQDVSL	550
FLPSDFFPSV	551
YMDDVVLGA	552
YIDDVVLGA	553
YVDDVVLGA	554
VYGIRLEHF	555
STLPETAVVRR	556
LVVDFSQFSR	557
KTAYSHLSTSK	558
RTQSPRRR	559
LLWNTVWNM	560
MGRRAGAEPAPRPCLGRRCSAPAAASVA	561
ELAGIGILSV	562
ELAGIGILTI	563
IAGLGLLTV	564
LGIGVITI	565
ELAGIGILTA	566
ELAGIGLLTV	567
EIAGIGILTV	568
ELAGIGIITV	569
ELGGIGILTV	570
DLAGIGILTV	571
LLGIGILVL	572
KLGIGFAKA	573
GLGIGALVL	574
LLGIGIYAL	575
HIGIGLLSL	576
ALGIGVYPV	577
GIGIGSGQL	578
ALGIGIYSL	579
ILEGIGILSV	580
GLGIGIASM	581
KMGIGWKPL	582
ILEGIGILAV	583
LIGIGLNLV	584
LIGIGIAPL	585
ALGIGAVPI	586
ILLGIGIYAL	587
LLLGIGILVL	588
DIAGIGLKTV	589
AIGIGAYLV	590
FLKGIGWIPI	591
DATYQRTRALVR	592
RLARLALVL	593
AYRDLQTRK	594
KLGGALQAK	595
LLDFVRFMGV	596
RLRAEAQVK	597
RTLNAWVKV	598
SLFNTVATL	599
QPRAPIRPI	600
MLDLQPETT	601
AYAQKIFKI	602
YLNDHLEPWI	603
CLLGTYTQDV	604
FLASKIGRLV	605
YLLEMLWRL	606
KTWGQYWQV	607
SLYNTVATLY	608
CLLWSFQTSA	609
KVLEYVIKV	610
CYTWNQMNL	611
KLQCVDLHV	612
RIAAWMATY	613
KAANIVLTV	614
RLSDFSEQL	615
LLHGFSFYL	616
WVLALFDEV	617
VLDGFIPGT	618
YILKYSVFL	619
SLLRSLENV	620
LLVDLAEEL	621
RMWDFDIFL	622
SEYKGPITDVFYKENSY	623
TSTLQEQIGW	624
EFTVSGNIL	625
EEAAGIGIL	626
KASEKIFYV	627
HRRGSRSYV	628
RYGSFSVTL	629
ESITGSLGPLL	630
VYFFLPDHL	631
MEVDPIGHLY	632
RVRFFFPSL	633
FQDYIKSYL	634
TSTLTEQIAW	635
TSTLAEQIAW	636
TSTLAEQMAW	637
TSTLTEQVAW	638
TSTLAEQVAW	639
TSTLSEQVAW	640
KAALDLSHF	641
KSALDLSHF	642
KAAVDLSHF	643
HTQGYFPDW	644
NTQGYFPDW	645
KAYNVTQAF	646
VQELYSPIFLIV	647
KPLEFGATSAAL	648
SELVIGAVIL	649
RLFRKSNLK	650
EELKKLLEQWNLVIGFLF	651
FPPTSFGPL	652
TVATSRTLSYYK	653
VPHVGEIPVAYRKVLL	654
MPASWVMRI	655
VLHSYFTSDYYQLY	656
YYVGYLQPRTFLL	657
KQIYKTPPIKDF	658
RNPANNAAIVL	659
APKEIIFLEGETL	660
RQLLFVVEV	661
FLPRVFSAV	662
NLWNTFTRL	663
WICLLQFAY	664
SEPVLKGVKL	665
VEAEVQIDRLITGR	666
GMEVTPSGTWLTY	667
VLWAHGFEL	668
SPFHPLADNKFAL	669
NPLLYDANYFLCW	670
STQDLFLPFF	671
HTDFSSEIIGY	672
YEDFLEYHDVRVVL	673
NRDVDTDFVNEFYAY	674
YHLMSFPQSA	675
FAFACPDGVKHVYQL	676
ITEEVGHTDLMAAY	677
HVTYVPAQEKNF	678
TVYDPLQPELDSFK	679
FVCNLLLLFVTVYSHLLLV	680
SLVKPSFYV	681
IPIGAGICASY	682
AELAKNVSLDNVL	683
CTFEYVSQPFLM	684
KLSYGIATV	685
KLWAQCVQL	686
VLPPLLTDEMIAQYT	687
YFPLQSYGF	688
AYKTFPPTEPK	689
SLLLCRMNSRNYIA	690
ILLIIMRTFKVSIWNLDYII	691
FPQSAPHGVVF	692
TLIGDCATV	693
AQALNTLVKQL	694
ITLKKRWQLAL	695
YYRRATRRIR	696
QELIRQGTDYKHW	697
VYSTGSNVFQTR	698
SYQTQTNSPRRARSVA	699
RSVASQSIIAYTMSL	700
RISNCVADY	701
LLLDDFVEII	702
YEGNSPFHPL	703
LITGRLQSLQTYV	704
FGEVFNATRFASVY	705
TTSPISEHDY	706
YVVDDPCPIHFY	707
VYSSANNCTFEY	708
KLFIRQEEV	709
NTNSSPDDQIGYY	710
KEIDRLNEV	711
SYFIASFRLFA	712
KMKDLSPRW	713
KPFERDISTEIY	714
ALSKGVHFV	715
TEKSNIIRGW	716
TLVPQEHYV	717
YLNTLTLAV	718
LPAADLDDF	719
LPPAYTNSF	720
LEPLVDLPI	721
FLLNKEMYL	722
GVAMPNLYK	723
SETKCTLKSFTVEK	724
LVLSVNPYV	725
CMTSCCSCLK	726
STDTGVEHVTFFIYNK	727
EILDITPCSF	728
FIAGLIAIV	729
DLPIGINITRFQTL	730
TLDSKTQSL	731
VYYPDKVFRSSVLH	732
NLNESLIDL	733
VFITLCFTLK	734
VLAWLYAAV	735
FTISVTTEIL	736
FLCLFLLPSLATV	737
LITLATCELYHYQECV	738
EEHVQIHTI	739
QQQQGQTVTK	740
APHGVVFLHVTYV	741
TTLPVNVAF	742
NGVEGFNCY	743
RLDKVEAEV	744
KLNVGDYFV	745
TLGVYDYLVST	746
NLDSKVGGNY	747
IQYIDIGNY	748
SMWSFNPETNIL	749
KLNDLCFTNVYADSFVIR	750
KSWMESEFRVY	751
QECVRGTTVL	752
AVILRGHLR	753
TPINLVRDL	754
SEVGPEHSLAEY	755
AIMTRCLAV	756
GSFCTQLNR	757
NYNYLYRLFRK	758
RLFARTRSMW	759
NQKLIANQF	760
KFPRGQGVPI	761
AIAMACLVGLM	762
IGAEHVNNSY	763
RIFTIGTVTLK	764
FLNRFTTTL	765
ALRKVPTDNYITTY	766
SEISMDNSPNL	767
TSNQVAVLY	768
IPIQASLPF	769
FRYMNSQGL	770
CALDPLSETK	771
RARSVSPKLFIR	772
SEETGTLIV	773
ILHCANFNV	774
GTHWFVTQR	775
HLVDFQVTI	776
MDLFMRIFTI	777
YVFCTVNAL	778
NYIAQVDVVNFNL	779
TSDLATNNLVVMAY	780
ATEGALNTPKDHI	781
YSVLYNSASFSTFK	782
IPYNSVTSSI	783
AQFAPSASAFFGMSR	784
NMLRIMASL	785
ILLNKHIDA	786
LQLGFSTGV	787
AEIRASANLAATK	788
GTITVEELK	789
ALLADKFPV	790
ILGLPTQTV	791
RQIAPGQTGKIADYNYKL	792
FCNDPFLGVYY	793
LLFNKVTLA	794
KMQRMLLEK	795
TFYLTNDVSFL	796
AEGSRGGSQA	797
QEVFAQVKQIYK	798
SSNVANYQK	799
KTSVDCTMYI	800
RLYYDSMSY	801
VLQAVGACV	802
VLQLPQGTTLPKGFYA	803
ALRANSAVK	804
FADDLNQLTGY	805
LLQYGSFCT	806
YYQLYSTQL	807
AYILFTRFFYV	808
LLMPILTLT	809
TEILPVSMTK	810
SSTFNVPMEKLK	811
SVLNDILSRL	812
FQPTNGVGY	813
GTGPEAGLPY	814
RILGAGCFV	815
GTITSGWTF	816
KLFAAETLK	817
ISDYDYYRY	818
FSKQLQQSM	819
IVGVALLAVF	820
LSDDAVVCFNSTY	821
GDCEEEEFEPSTQYEY	822
ATVVIGTSK	823
IPRRNVATL	824
FVRATATIPI	825
LDYIINLII	826
IYSKHTPINL	827
FTYASALWEI	828
LLSAGIFGA	829
ILPDPSKPSK	830
RVDFCGKGY	831
GMSRIGMEVTPSGTW	832
ASQRVAGDSGFAAY	833
HLRIAGHHLGR	834
MMISAGFSL	835
AIILASFSAST	836
NYSGVVTTVMF	837
VTIAEILLI	838
RLNEVAKNL	839
GPKKSTNLV	840
LQFAYANRNRFLY	841
FVFKNIDGY	842
IQPGQTFSV	843
REGVFVSNGTHW	844
LLALHRSYL	845
LQIPFAMQMAY	846
WTAGAAAYYVGY	847
LGAENSVAYSNN	848
YVYSRVKNL	849
IIKNLSKSLTENKY	850
FLGRYMSAL	851
RIRGGDGKMK	852
NLTTRTQL	853
LSSTASALGK	854
VVDKYFDCY	855
SQASSRSSSR	856
RFDNPVLPF	857
DSFKEELDKY	858
YLKLTDNVYIK	859
LPNNTASWF	860
TQNVLYENQK	861
VVYRGTTTY	862
FTEQPIDLVPNQPY	863
AVLQSGFRK	864
LPQGFSAL	865
MLWCKDGHV	866
LMIERFVSL	867
LAAVYRINWI	868
SSRGTSPAR	869
ASFNYLKSPNFSK	870
RVGARKSAPL	871
ALWEIQQVV	872
YQKVGMQKY	873
SLIDLQELGKYEQYIKW	874
WIFGTTLDSK	875
KQFDTYNLW	876
TQLNRALTGI	877
RYRIGNYKL	878
IITTDNTFV	879
DLSPRWYFYYLGTGPEAGLPYGANKDGIIWVATEGALN	880
ELGKYEQYIKWPWYIWLGFIAGLIAIVMVTIMLCCMTSCCSCL	881
FASTEKSNIIRGWIFGTTLDSKTQSLLIVNNATNVVIKVCEFQ	882
FNGIGVTQNVLYENQKLIANQFNSAIGKIQDSLSSTASALGKL	883
FSTQFAFACPDGVKHVYQLRARSVSPKLFIRQEEV	884
GFIKQYGDCLGDIAARDLICAQKFNGLTVLPPLLTDEMIAQYT	885
GVPINTNSSPDDQIGYYRRATRRIRGGDGKMKDLSPRW	886
ILSRLDKVEAEVQIDRLITGRLQSLQTYVTQQLIRAAEIRASA	887
KDFGGFNFSQILPDPSKPSKRSFIEDLLFNKVTLADAGFIKQY	888
KVCEFQFCNDPFLGVYYHKNNKSWMESEFRVYSSANNCTFEYV	889
LCWKCRSKNPLLYDANYFLCWHTNCYDYCIPYNSVTSS	890
LKKRWQLALSKGVHFVCNLLLLFVTVYSHLLLVAAGLE	891
LPDDFTGCVIAWNSNNLDSKVGGNYNYLYRLFRKSNLKPFERD	892
YRINWITGGIAIAMACLVGLMWLSYFIASFRLFARTRSMWS	893
LSYYKLGASQRVAGDSGFAAYSRYRIGNYKLNTDHSS	894
MADSNGTITVEELKKLLEQWNLVIGFLFLTWICLLQFAYAN	895
MDLFMRIFTIGTVTLKQGEIKDATPSDFVRATATIPIQ	896
MFHLVDFQVTIAEILLIIMRTFKVSIWNLDY	897
MGYINVFAFPFTIYSLLLCRMN	898
MIAQYTSALLAGTITSGWTFGAGAALQIPFAMQMAYRFNGIGV	899
AGCLIGAEHVNNSYECDIPIGAGICASYQTQTNSPRRARSVAS	900
ARSVASQSIIAYTMSLGAENSVAYSNNSIAIPTNFTISVTTEI	901
NSVTSSIVITSGDGTTSPISEHDYQIGGYTEKWESGVK	902
PLIELCVDEAGSKSPIQYIDIGNYTVSCLPFTINCQE	903
PTNGVGYQPYRVVVLSFELLHAPATVCGPKKSTNLVKNKCVNF	904
QRRPQGLPNNTASWFTALTQHGKEDLKFPRGQGVPINT	905
SVTTEILPVSMTKTSVDCTMYICGDSTECSNLLLQYGSFCTQL	906
TINCQEPKLGSLVVRCSFYEDFLEYHDVRVVLDFI	907
TLLALHRSYLTPGDSSSGWTAGAAAYYVGYLQPRTFLLKYNEN	908
ATIPIQASLPFGWLIVGVALLAVFQSASKIITLKKRWQ	909
DLGDISGINASVVNIQKEIDRLNEVAKNLNESLIDLQELGKYE	910
TRSMWSFNPETNILLNVPLHGTILTRPLLESELVIGAVILR	911
VAAGLEAPFLYLYALVYFLQSINFVRIIMRLWLCWKCR	912
VLYQDVNCTEVPVAIHADQLTPTWRVYSTGSNVFQTRAGCLIG	913
WESGVKDCVVLHSYFTSDYYQLYSTQLSTDTGVEHVTF	914
GVYDGREHTV	915
FYGKTILWF	916
NMIHFAPNV	917
RCMLQCPSV	918
LHMEFCSCC	919
LVLEVDPNI	920
CFLLILPNC	921
CFVECAPVC	922
KVKEVCPNV	923
AEMEFCPCC	924
THLMVLCCV	925
KMVTVCPNT	926
RTMEVCYNT	927
GCQEICPAC	928
EIQEFCPNT	929
NDMLVCANI	930
KTVGIYPNA	931
FDVMVMPNL	932
IMIEFCPGG	933
KLLEIAPNC	934
CHIPVEPNT	935
NMINFAPNI	936
GAVECCPNC	937
QDVEIPPNI	938
KIILFLPCI	939
NNILIATCV	940
CCIEVINNT	941
MTLHGFMMY	942
VYALIAGATL	943
GTIRPEIREMW	944
ASFSPELRMAW	945
NSFRPEVAMKY	946
NSLKPEIPDYF	947
KSCTPEVREYF	948
SSFSPELRMRW	949
SALRPEIRLLW	950
KSLAPEVRDLF	951
KSLTPEVRGYW	952
GSLAPEIRMYW	953
SSGVPEVRMMF	954
YSFKPELKEIF	955
LSLRPEIPLFF	956
WTYRPEVRGVW	957
GTIRPEIPDYF	958
RSFVPEIGMGF	959
ASFRPELAEFW	960
NSVKPEIRPVW	961
RTYVPEIKHRW	962
LSGSPELRMIF	963
KSFVPELKPAF	964
LSITPEISPYF	965
LTITPEIAPFF	966
LTISPEIPPYF	967
LSITPEIAPYF	968
RSLAPEVRGYW	969
GSLSPELRPIF	970
LTITPEIRPYF	971
LTISPEIPSYF	972
LTLTPEIAPYF	973
LAITPEIAPYF	974
LTITPEIAPYF	975
ESEERPPTPY	976
TLYSLTLLY	977
TLYSLTPLY	978
TPWCSPIKV	979
QTDPVTLQY	980
QTNPVTLQY	981
AEHSLQVAY	982
EALPFFLFF	983
EVLPFFLFF	984
