WTYRPEVRGVW	3
KFPRGQGVPI	4
GPGHKARVL	5
TSTLAEQIAW	6
SWISDIRAGTAPLCRNHIKSSCSLI	7
KSFVPELKPAF	8
MEVDPIGHLY	9
EILDITPCSF	10
NLNCCSVPV	11
CYTWNQMNL	12
SELVIGAVIL	13
LLSIIFFPA	14
GEIYKRWII	15
EIYKRWII	16
YLVALGVNAV	17
YLSNIIPAL	18
FLNRFTTTL	19
IVGVALLAVF	20
ALTPVVVTL	21
KVAELVHFL	22
LLFAAFSSA	23
GLSPNLNRFL	24
YYVGYLQPRTFLL	25
KLNTITPVV	26
STDTGVEHVTFFIYNK	27
QASQEVKNW	28
SLVKPSFYV	29
AVFDRKSDAK	30
SLLMWITQA	31
SEISMDNSPNL	32
MADSNGTITVEELKKLLEQWNLVIGFLFLTWICLLQFAYAN	33
YYRARAGEAANF	34
AELAKNVSLDNVL	35
SETKCTLKSFTVEK	36
FLIYLDVSV	37
ELAGIGALTV	38
IPIGAGICASY	39
TTPESANL	40
FLCLFLLPSLATV	41
FIFSYVVAV	42
YILKYSVFL	43
NRDVDTDFVNEFYAY	44
ISPRTLNAW	45
NLNRCSVPV	46
TQLNRALTGI	47
ELAGIGIITV	48
VTEHDTLLY	49
TSNQVAVLY	50
RYPLTFGW	51
CINGVCWTV	52
LLGATCMFV	53
IPIQASLPF	54
RLFARTRSMW	55
LLMPILTLT	56
ELAGIAILTV	57
ILTGLNYEV	58
SSTFNVPMEKLK	59
KSALDLSHF	60
AIMTRCLAV	61
LLAGTLAGV	62
TEILPVSMTK	63
LLQYGSFCT	64
VYQYTFPDFL	65
YILEETSVM	66
KMQRMLLEK	67
GLGIGIASM	68
SLLLCRMNSRNYIA	69
LQFAYANRNRFLY	70
KLLAGVEIV	71
LMMPFSIVYI	72
NMINFAPNI	73
GLEAPFLYLYALVYFLQSINFVRIIMR	74
ATDALMTGY	75
NPLLYDANYFLCW	76
APRGPHGGAASGL	77
LPRRSGAAGA	78
AAGIGILTV	79
RCMLQCPSV	80
QYDPVAALF	81
FPTKDVAL	82
SVTTEILPVSMTKTSVDCTMYICGDSTECSNLLLQYGSFCTQL	83
AYAQKIFKI	84
FLYNPLTRV	85
FIYQYYSSI	86
ALWEIQQVV	87
FLPDLNANA	88
RTLNAWVKV	89
FTYASALWEI	90
SLIDLQELGKYEQYIKW	91
FMYSDFHFI	92
YSVLYNSASFSTFK	93
LSDDAVVCFNSTY	94
CTPYDINQM	95
FRCPRRFCF	96
SLDLTTSPV	97
YVLDHLIVV	98
SVLNDILSRL	99
FLFTFFASI	100
LLALHRSYL	101
YFPLQSYGF	102
SAYGEPRKL	103
NMLRIMASL	104
PTNGVGYQPYRVVVLSFELLHAPATVCGPKKSTNLVKNKCVNF	105
TLGVYDYLVST	106
IVTDFSVIK	107
HTTDPSFLGRY	108
GVAMPNLYK	109
TPRVTGGGAM	110
KLSHQPVLL	111
GPKKSTNLV	112
NQKLIANQF	113
CPSQEPMSIYVY	114
FLWLLWPVTLACFVLAAV	115
GMGPLLAMV	116
GLTSFFIAI	117
SLLWMNLFV	118
ALYGFVPVL	119
SQLLNAKYL	120
MLGEQLFPL	121
MDLFMRIFTI	122
ASFRPELAEFW	123
RLRAEAQVK	124
ALSKGVHFV	125
KLPLDINPV	126
HGIRNASFI	127
DATYQRTRALVR	128
WIFGTTLDSK	129
HLVDFQVTI	130
SLLLLPVSV	131
CTFEYVSQPFLM	132
EALPFFLFF	133
EPLPQGQLTAY	134
RLYYDSMSY	135
TAMDIFVTV	136
NLTTRTQL	137
GMSRIGMEVTPSGTW	138
FLRGRAFGL	139
ITDQVPFSV	140
SYQTQTNSPRRARSVA	141
GFIKQYGDCLGDIAARDLICAQKFNGLTVLPPLLTDEMIAQYT	142
KRWIILGLNK	143
KMVTVCPNT	144
MLDLQPETT	145
FQDYIKSYL	146
SVASTITGV	147
HPKVSSEVHI	148
YLLEMLWRL	149
LIIPCIHLI	150
MVMCGGSLYV	151
NMIHFAPNV	152
IIKNLSKSLTENKY	153
YLQDSLATT	154
KLGGALQAK	155
SLLQGSPHL	156
MGYINVFAFPFTIYSL	157
SYMIMEIEL	158
MMPFSIVYIV	159
FLNVFFPLL	160
SLLWMNPFV	161
YLEPGPVTV	162
SPFHPLADNKFAL	163
KSCTPEVREYF	164
VLNPFIYTL	165
SSYRRPVGI	166
RFDNPVLPF	167
KLMNIQQQL	168
AARAVFLAL	169
GSFCTQLNR	170
EVLPFFLFF	171
FTEQPIDLVPNQPY	172
FPRPWLHGL	173
YLDAYNMMI	174
CALDPLSETK	175
MLNIPSINV	176
IYSKHTPINL	177
SSNVANYQK	178
ILNAMIAKI	179
APARLERRHSA	180
HLRIAGHHLGR	181
ALRKVPTDNYITTY	182
NSLKPEIPDYF	183
APKEIIFLEGETL	184
QEVFAQVKQIYK	185
KPFERDISTEIY	186
VLFHRAFLV	187
FQAQHIAMA	188
LLYGFVNYV	189
LSYYKLGASQRVAGDSGFAAYSRYRIGNYKLNTDHSS	190
FLTYLDVSV	191
LTITPEIAPYF	192
FGEVFNATRFASVY	193
RLFRKSNLK	194
RPHERNGFTVL	195
LITGRLQSLQTYV	196
YLVALGINAV	197
TLIGDCATV	198
AYKTFPPTEPK	199
ESEERPPTPY	200
LITLATCELYHYQECV	201
CMTSCCSCLK	202
CFVECAPVC	203
LLAMKVPNV	204
VQPTESIVRFPNITNLCPF	205
VMIIVSSLAV	206
VLENFTIFLV	207
AYSNNSIAIPTNFTISV	208
YLRGRAYGL	209
LLLNMLIVL	210
RLIKHYPGI	211
FLGIYTVTV	212
ITEEVGHTDLMAAY	213
HPVAEADYFEY	214
GAVECCPNC	215
MGRRAGAEPAPRPCLGRRCSAPAAASVA	216
FLKGIGWIPI	217
FLNVLFPLL	218
GDCEEEEFEPSTQYEY	219
ILAKFLHWL	220
GVPINTNSSPDDQIGYYRRATRRIRGGDGKMKDLSPRW	221
TLLALHRSYLTPGDSSSGWTAGAAAYYVGYLQPRTFLLKYNEN	222
TVYGFCLL	223
VLASPSVPL	224
LLDEKGPEV	225
KLLEIAPNC	226
KLSEGDLLA	227
FLPDLNVNA	228
IILVAVPHV	229
RYPLTLGWCF	230
LLFNILGGWV	231
TPGPGVRYPL	232
WLSLLVPFV	233
FLDEFMEGV	234
KAANIVLTV	235
TVLSFCAFAV	236
NLSALGIFST	237
FQPTNGVGY	238
HSRKKCDEL	239
LMVPHSPSL	240
YSEHPTFTSQY	241
SLDPTTSPV	242
ILNVDVFTL	243
TPWCSPIKV	244
YVVTWIVGA	245
ALWGPDPAA	246
ARMILMTHF	247
TTLPVNVAF	248
FLTVFSPFM	249
LLAIKVPNV	250
FLFMYLVMV	251
LPDDFTGCVIAWNSNNLDSKVGGNYNYLYRLFRKSNLKPFERD	252
NAITNAKII	253
TRSMWSFNPETNILLNVPLHGTILTRPLLESELVIGAVILR	254
AIAMACLVGLM	255
RVGARKSAPL	256
QQQQGQTVTK	257
YAWNRKRISNCVADYSVLYNSASFSTFKCYGVSPTKLNDLCFT	258
TVATSRTLSYYK	259
CVETMCNEY	260
LPQGFSAL	261
LLDFVRFMGV	262
LPEPLPQGQGTAY	263
YLCLQNNFI	264
KASEKIFYV	265
YVVDDPCPIHFY	266
SILDAVQRV	267
FLGKIWPSHK	268
AVGSYVYSV	269
KAFSPEVIPMF	270
SLAPLSPRA	271
KLPDDFTGCV	272
GTSGSPIVAR	273
CLLGTYTQDV	274
FLPFFSNVTWFHAI	275
SLLMWITQV	276
KLWASPLHV	277
ILLGIGIYAL	278
AGCLIGAEHVNNSYECDIPIGAGICASYQTQTNSPRRARSVAS	279
SEYKGPITDVFYKENSY	280
FLMASISSS	281
ILITQVLGL	282
GVYDGREHTV	283
DRFYKTLRA	284
CLGGLLTMV	285
KAAVDLSHF	286
VLLGVKLFGV	287
MLYQHLLPL	288
RNPANNAAIVL	289
MVIGIPVYV	290
LLWNTVWNM	291
EIAGIGILTV	292
LGAENSVAYSNN	293
EYILSLEEL	294
SYFIASFRLFA	295
FADDLNQLTGY	296
SSGVPEVRMMF	297
ARSVASQSIIAYTMSLGAENSVAYSNNSIAIPTNFTISVTTEI	298
AMAVLYLAL	299
RALEYKNL	300
LLAILPYYV	301
TMSFSHLFYL	302
CTELKLNDY	303
MMISAGFSL	304
KVKEVCPNV	305
DSFKEELDKY	306
FLDEFMEAV	307
LLAILTYYV	308
YLEPGPVAA	309
YIFFASFYY	310
ELAAIGILTV	311
MMPFSIVYI	312
YLLFMIGYA	313
VPHVGEIPVAYRKVLL	314
SLYNTVATL	315
IVDTVSALV	316
VAAGLEAPFLYLYALVYFLQSINFVRIIMRLWLCWKCR	317
VVMSWAPPV	318
TPINLVRDL	319
ELAGIGILTA	320
SSRGTSPAR	321
FDVMVMPNL	322
KTVGIYPNA	323
KAYNVTQAF	324
RYGSFSVTL	325
EAAGIGILTV	326
FPQGEAREL	327
YQKVGMQKY	328
NLAQTDLATV	329
LLAGTLAVV	330
LIGIGLNLV	331
QELIRQGTDYKHW	332
TQGYFPDWQNY	333
MTLHGFMMY	334
KLVALGINNV	335
FLRGRAYGL	336
LLLDDFVEII	337
YMVLASPSV	338
KLWAQCVQL	339
LIFNMFYWI	340
AEHSLQVAY	341
IPSINVHHY	342
ALLADKFPV	343
YYQLYSTQL	344
YHLMSFPQSA	345
YPLHEQHGM	346
GDAALALLLLDRLNQL	347
THLMVLCCV	348
LVVDFSQFSR	349
FVFKNIDGY	350
FIDCYLLAI	351
VLFGLGFAI	352
AEGSRGGSQA	353
ESITGSLGPLL	354
VMPFSIVYI	355
QVPLRPMTYK	356
GLGIGALVL	357
NGVEGFNCY	358
VLNYFKPYL	359
TYLPSAWNF	360
QPRAPIRPI	361
YHSIEWAI	362
RGYVYQGL	363
LKKRWQLALSKGVHFVCNLLLLFVTVYSHLLLVAAGLE	364
YLEPGAVTA	365
ILLIIMRTFKVSIWNLDYII	366
SLFNTVATL	367
EEHVQIHTI	368
ATVVIGTSK	369
REGVFVSNGTHW	370
VMAPRTLIL	371
LVMPFSIVYI	372
KLNDLCFTNVYADSFVIR	373
VYYPDKVFRSSVLH	374
RPRGEVRFL	375
FSKQLQQSM	376
ILLDWAANI	377
ALLQVTLLL	378
DIAGIGLKTV	379
ELKRKMIYM	380
MLWGYLQYV	381
SSPPMFRV	382
LLSAGIFGA	383
YLNELVVFV	384
FVCNLLLLFVTVYSHLLLV	385
LPPIVAKEI	386
VLPPLLTDEMIAQYT	387
KLSELHAYI	388
AIILASFSAST	389
RSVASQSIIAYTMSL	390
QECVRGTTVL	391
ILIVMVPFL	392
FVGEFFTDV	393
YLEPGPATA	394
FLNDLLSVL	395
KLTPLCVTL	396
QRRPQGLPNNTASWFTALTQHGKEDLKFPRGQGVPINT	397
LDYIINLII	398
ERYLKDQQL	399
RAKFKQLL	400
YLCSGSSYF	401
NLWNTFTRL	402
GTSGSPIIDK	403
FLKETGGL	404
ILEGIGILAV	405
KLNVGDYFV	406
GLNKIVRMY	407
RLGPYLEFL	408
YVFCTVNAL	409
QTDPVTLQY	410
GTSGSPIINR	411
YLQDSMATT	412
YVDDVVLGA	413
STPESANL	414
FASTEKSNIIRGWIFGTTLDSKTQSLLIVNNATNVVIKVCEFQ	415
FAFACPDGVKHVYQL	416
NLVAMVATV	417
TLRGRAYGL	418
GTITVEELK	419
RMWDFDIFL	420
CCIEVINNT	421
LLFGFPVYV	422
FCNDPFLGVYY	423
HVTYVPAQEKNF	424
LLLGIGILVL	425
NSVTSSIVITSGDGTTSPISEHDYQIGGYTEKWESGVK	426
LLSIISFPA	427
SEVGPEHSLAEY	428
APHGVVFLHVTYV	429
ILNAMITKI	430
HPVGQADYFEY	431
SLFWNEPAI	432
VLPFNDGVYFASTEK	433
KLFIRQEEV	434
AYRDLQTRK	435
ILGGQVVHTV	436
RQIAPGQTGKIADYNYKL	437
KPLEFGATSAAL	438
WICLLQFAY	439
KLVALGINAV	440
YEGNSPFHPL	441
VVLSWAPPV	442
KSLAPEVRDLF	443
KMVAVFYTT	444
RQLLFVVEV	445
VQYLGMFPV	446
NLVPMVASV	447
RLLPLLALL	448
GTIRPEIREMW	449
GTGPEAGLPY	450
DEEDAIAAY	451
VVDKYFDCY	452
WTAGAAAYYVGY	453
APRGPHAGAASGL	454
VYQYTFPDF	455
LCWKCRSKNPLLYDANYFLCWHTNCYDYCIPYNSVTSS	456
NDMLVCANI	457
QTNPVTLQY	458
FVDGVPFVV	459
ILKEPVHGV	460
ILLDWAANV	461
MIISHLSLI	462
KLSHQLVLL	463
LLFGPVYV	464
QIKVRVKMV	465
VYSTGSNVFQTR	466
MLGERLFPL	467
LASYFFWGL	468
RLRPGGKKR	469
KLVVLGINAV	470
LAITPEIAPYF	471
INFDFNTI	472
LPEPLPQAQLTAY	473
RLDKVEAEV	474
LLIDLTSFLL	475
GIGIGSGQL	476
ALIHHNTHL	477
SLAPLSPRV	478
TSTLTEQIAW	479
TYLPSAWNFF	480
FLTVFSHFM	481
IMIEFCPGG	482
LVLSVNPYV	483
FIDSYICQV	484
AQALNTLVKQL	485
LMVLHSPSL	486
SIIGRLLEV	487
IITTDNTFV	488
RLLCALTSL	489
NLDSKVGGNY	490
SLVALGINAV	491
CLLWSFQTSA	492
ALEPGPVTA	493
RSFVPEIGMGF	494
SLPITVYYA	495
RLNEVAKNL	496
RYPLTFGWCF	497
FLWSVFMLI	498
RISNCVADY	499
LAMPFATPM	500
STQDLFLPFF	501
YTMADLVYAL	502
LTITPEIAPFF	503
LLGIGIYAL	504
TAFTIPSI	505
NNILIATCV	506
YFFWGLWAL	507
LLFGMPPCL	508
FLNGSCGSV	509
LSITPEIAPYF	510
LSITPEISPYF	511
RYRIGNYKL	512
VLLGVKLSGV	513
ILTGLNYEA	514
VYGIRLEHF	515
SNEKQEILGTVSWNL	516
WESGVKDCVVLHSYFTSDYYQLYSTQLSTDTGVEHVTF	517
YLNTLTLAV	518
MIISHLYLI	519
ELGGIGILTV	520
IGAEHVNNSY	521
YLYDRLLRI	522
FVRATATIPI	523
RMAAISNTV	524
KLFEFLVYGV	525
ALIHHNTYL	526
VMPFSIVYIV	527
GMGPLLATV	528
AIGIGAYLV	529
DLPIGINITRFQTL	530
LLFGMTPCL	531
KAALDLSHF	532
GNYTVSCLPFTI	533
VVTGVLVYL	534
RMFPNAPYL	535
KIFGSLAFL	536
LLLGIGILV	537
SYIGSINNI	538
ILSRLDKVEAEVQIDRLITGRLQSLQTYVTQQLIRAAEIRASA	539
KLQCVDLHV	540
LTITPEIRPYF	541
KLPLDIDPV	542
YLYDRLLRV	543
MLLKQDVSL	544
KLGIGFAKA	545
TPQDLNTML	546
NLNESLIDL	547
LPNNTASWF	548
YMLDLQPETT	549
LLHGFSFYL	550
RIFTIGTVTLK	551
TVYDPLQPELDSFK	552
SLLQGSPHV	553
ELAGIGILSV	554
LPEPLPQGQLTAY	555
IMLIIFWFSL	556
YIDDVVLGA	557
IIKDYGKQM	558
LPAADLDDF	559
VLMGGVPGVE	560
TSTLQEQIGW	561
QLCDVMFYL	562
MGYINVFAFPFTIYSLLLCRMN	563
SIINFEKL	564
RVRFFFPSL	565
LYPELIASI	566
RGYVYEGL	567
AARGPHGGAASGL	568
GTITSGWTF	569
TMSSSHLFYL	570
SLYNTVATLY	571
HSKKKCDEI	572
VYALIAGATL	573
STLPETAVVRR	574
SSLENFRAYV	575
MDLFMRIFTIGTVTLKQGEIKDATPSDFVRATATIPIQ	576
RIRGGDGKMK	577
QLMCQPILLL	578
FLLNKEMYL	579
TSTLAEQMAW	580
KLSGLGINAV	581
FLGIYTVTVV	582
SEHDYQIGGYTEKW	583
LVLEVDPNI	584
VEAEVQIDRLITGR	585
AMAGSPVFL	586
ALGIGILTV	587
EFFWDANDIY	588
ALGIGVYPV	589
VSFIEFVGW	590
LSGSPELRMIF	591
ILIVMFPFL	592
KIVALGINAV	593
YLLPAIVHI	594
FEDLRVSSF	595
APRGPHGGAAAGL	596
YSFKPELKEIF	597
FLGRYMSAL	598
FIMGISILL	599
TLLANVTAV	600
FLKEKGGL	601
AMAGSLVFL	602
AVLQSGFRK	603
QLLVSLWGL	604
ITLKKRWQLAL	605
QIKVRVDMV	606
KLAKPLPYT	607
MLLKHDVSL	608
QLTSLGLNAV	609
EIQEFCPNT	610
RLHDLVFPL	611
ALWGPDPAAA	612
VLYQDVNCTEVPVAIHADQLTPTWRVYSTGSNVFQTRAGCLIG	613
GEEDGAGGHSL	614
CTELKLSDY	615
YMDGTMSQV	616
VLWAHGFEL	617
RLVPYLEFL	618
KLGASPLHV	619
QLIPCMDVV	620
ELAGIGILAV	621
EQYKFYSV	622
EFTVSGNIL	623
SQASSRSSSR	624
LLFALYFSA	625
LIFNMLYWI	626
FEDLRLLSF	627
NLVPMVATV	628
FLEIYTVTV	629
AEIRASANLAATK	630
KMVAVFYNT	631
APQPAPENAY	632
IPYNSVTSSI	633
RGYVYKGL	634
IQPGQTFSV	635
APRGAHGGAASGL	636
EEAAGIGIL	637
AIMDKNIIL	638
LLFALHFSA	639
FLIASVTWL	640
YLWPPVQLA	641
KLSREIMPV	642
WIYVYRPMGCGGS	643
EENLLDFVRF	644
KEIDRLNEV	645
YIFLGNLAL	646
VFITLCFTLK	647
AMFWSVPTV	648
VLFAAFSSA	649
RLHDLVLPL	650
KLSYGIATV	651
FLNDLLSVM	652
GPGMKARVL	653
AYILFTRFFYV	654
FMLYLLTLM	655
FNGIGVTQNVLYENQKLIANQFNSAIGKIQDSLSSTASALGKL	656
HSKKKCDEL	657
LGYGFVNYI	658
FQLNQSFEI	659
ALRANSAVK	660
LEPLVDLPI	661
RLSDFSEQL	662
EELKKLLEQWNLVIGFLF	663
ALGIGAVPI	664
LVFPLVMGV	665
ALAGIGILTV	666
LLFGYPVAV	667
RIAAWMATY	668
KLFAAETLK	669
VAANIVLTV	670
KLANPLPYT	671
VLQLPQGTTLPKGFYA	672
GTSGSPIVDR	673
TTSPISEHDY	674
KRWIIMGLNK	675
LQLGFSTGV	676
ILLNKHIDA	677
GTSGAPIVNR	678
FYGKTILWF	679
FSFPLDFLV	680
LPPAYTNSF	681
CVNGSCFTV	682
VLDGFIPGT	683
SIYRYYGL	684
FLSDHLYLV	685
GLCTLVAML	686
TLYSLTPLY	687
FMIGYASAL	688
RLWEPLRVV	689
RTQSPRRR	690
ATEGALNTPKDHI	691
FLKEMGGL	692
RARSVSPKLFIR	693
RILGAGCFV	694
FLRGRAYVL	695
YLQQNWWTL	696
SEETGTLIV	697
DLGDISGINASVVNIQKEIDRLNEVAKNLNESLIDLQELGKYE	698
NLVPTVATV	699
KTSVDCTMYI	700
YQYTFPDF	701
FMLLTQARI	702
NLVGMVATV	703
FEDLRVLSF	704
NLFNRYLAL	705
SLLMWITQC	706
LMIERFVSL	707
LHMEFCSCC	708
FILDAVQRV	709
RLMKHYPGI	710
AVGSHVYSV	711
YVNELVVFV	712
ALSYTPAEV	713
LPEPLGQGQLTAY	714
LSSTASALGK	715
CLNEYHLFL	716
KDFGGFNFSQILPDPSKPSKRSFIEDLLFNKVTLADAGFIKQY	717
TLFTMVGTV	718
FMLYLVTLM	719
NTQGYFPDW	720
RLRPGGKKK	721
TMAAISNTV	722
LGIGVITI	723
WLWEPLRVV	724
LLFGLALIEV	725
ALVGAIPSI	726
IGYVYQGL	727
TSTLSEQVAW	728
SALRPEIRLLW	729
MIAQYTSALLAGTITSGWTFGAGAALQIPFAMQMAYRFNGIGV	730
APRGPHGAAASGL	731
ALSYTPVEV	732
HIGIGLLSL	733
YMFLASPSV	734
KLLAGDEIV	735
VLENFTILLV	736
ILEGIGILSV	737
GPEPLPQGQLTAY	738
LLSLFSLWL	739
LTISPEIPPYF	740
SVLENFTILL	741
TAMDLFVTV	742
NYIAQVDVVNFNL	743
NSVKPEIRPVW	744
GLGPGFSSY	745
TSTLAEQVAW	746
AEMEFCPCC	747
VVYRGTTTY	748
KINAWIKVV	749
HPVGDADYFEY	750
FPQSAPHGVVF	751
FSSEVLNLV	752
YVTAMDLFV	753
GSLSPELRPIF	754
LLFGYPRYV	755
HQNPVTGLLL	756
TLNAWVKVV	757
ALRGMGVNAV	758
TINCQEPKLGSLVVRCSFYEDFLEYHDVRVVLDFI	759
NLQREEYTV	760
FIDQYYSSI	761
MLSILALVRV	762
APRGPHGGAASGA	763
LTISPEIPSYF	764
KSWMESEFRVY	765
YRINWITGGIAIAMACLVGLMWLSYFIASFRLFARTRSMWS	766
LPEGLPQGQLTAY	767
IDLLLQRGPQYSEHPTFTSQYRI	768
WVLALFDEV	769
LPEPLPQGGLTAY	770
RHDLPPYRVYL	771
ELAGIGILTI	772
SVLENFTIFL	773
KLNTITAVV	774
YMDDVVLGA	775
EEYLKAWTF	776
ELAGIGIATV	777
SQYYYNSL	778
QDVEIPPNI	779
IAGLGLLTV	780
ALGIGIYSL	781
YLDELIKNT	782
HTQGYFPDW	783
QLSSLGLNAV	784
APRGPAGGAASGL	785
FLASKIGRLV	786
LYPEFIASI	787
GLYDGMEHL	788
